userld,username,emailaddress,isActive,password,gender
1,Administrator,admin@piworks.net,1,ssdfdsfsdf,
2,Jonathan,Jonathan@gmail.com,1,asdasdas,M
3,Rita,rita@yahoo.com,1,2c34435c23r,F
4,Christopher,Christopher@gmail.com,1,asdvadsa,M
5,Kenzo,Kenzo@gmail.com,1,sadc3242342,M
6,Brent,Brent@gmail.com,0,asdsadsa,M
7,Adrianna,Adrianna@hotmail.com,0,54nb65,F
8,Faheem,Faheem@gmail.com,1,23vc42v,M
9,Dimitri,Dimitri@gmail.com,0,34vc2 342 3,M
10,Fred,Fred@gmail.com,1,324234234,M
11,Lily,Lily@yahoo.com,1,3242342324,F
